<?xml version="1.0"?>
<addon scheme="3.0">
    <id>bd_pickup_providers</id>
    <version>1.0</version>
    <default_language>en</default_language>
    <priority>9999</priority>
    <status>active</status>
    <compatibility>
    <php_version>
        <min>5.4.0</min>
    </php_version>
    </compatibility>
    <authors>
        <author>
            <name>Zahhar Kirillov</name>
            <email>zahhar@gmail.com</email>
            <url>https://bits.ee</url>
        </author>
    </authors>
    <supplier>Baltic IT Solutions OÜ</supplier>
    <supplier_link>https://bits.ee</supplier_link>
    <queries>
        <item for="install">ALTER TABLE `?:shippings` ADD `bd_pickup_provider` varchar(255) NOT NULL DEFAULT "";</item>
        <item for="install">ALTER TABLE `?:orders` ADD `bd_pickup_provider_data` TEXT DEFAULT NULL;</item>
        <item for="uninstall">ALTER TABLE `?:shippings` DROP COLUMN `bd_pickup_provider`;</item>
        <item for="uninstall">ALTER TABLE `?:orders` DROP COLUMN `bd_pickup_provider_data`;</item>
    </queries>
</addon>
