<?xml version="1.0"?>
<addon scheme="3.0">
  <id>bd_maksekeskus</id>
  <version>1.0</version>
  <default_language>en</default_language>
  <priority>100</priority>
  <status>active</status>
  <compatibility>
    <php_version>
        <min>5.4.0</min>
    </php_version>
  </compatibility>
  <authors>
        <author>
            <name>Zahhar Kirillov</name>
            <email>zahhar@gmail.com</email>
            <url>https://bits.ee</url>
        </author>
  </authors>
  <supplier>Baltic IT Solutions OÜ</supplier>
  <supplier_link>https://bits.ee</supplier_link>
  <queries>
        <item for="install">INSERT INTO `?:payment_processors` SET `processor` = 'Maksekeskus', `processor_script` = 'maksekeskus.php', `processor_template` = 'views/orders/components/payments/cc_outside.tpl', `admin_template` = 'maksekeskus.tpl', `callback` = 'N', `type` = 'P', `addon` = 'bd_maksekeskus';</item>
        <item for="uninstall">DELETE FROM `?:payment_processors` WHERE `addon` = 'bd_maksekeskus';</item>
  </queries>
</addon>